phone_name,network_technology,network_2g_bands,network_3g_bands,network_4g_bands,network_5g_bands,network_speed,launch_announced,launch_status,body_dimensions,body_weight,body_build,body_sim,display_type,display_size,display_resolution,platform_os,platform_chipset,platform_cpu,platform_gpu,memory_card_slot,memory_internal,main_camera_features,main_camera_video,selfie_camera_single,selfie_camera_video,sound_loudspeaker,sound_3.5mm_jack,comms_wlan,comms_bluetooth,comms_positioning,comms_nfc,comms_radio,comms_usb,features_sensors,battery_type,battery_charging,misc_colors,misc_models
Samsung Galaxy A06 5G,GSM / HSPA / LTE / 5G,GSM 850 / 900 / 1800 / 1900,HSDPA 850 / 900 / 1700(AWS) / 1900 / 2100,"1, 2, 3, 4, 5, 7, 8, 12, 17, 20, 26, 28, 38, 40, 41, 66","1, 3, 5, 7, 8, 26, 28, 40, 41, 66, 77, 78 SA/NSA/Sub6","HSPA, LTE, 5G","2025, February 19","Available. Released 2025, February 19",167.3 x 77.3 x 8 mm (6.59 x 3.04 x 0.31 in),191 g (6.74 oz),"Glass front, plastic back, plastic frame",Nano-SIM + Nano-SIM,"PLS LCD, 90Hz","6.7 inches, 108.4 cm2 (~83.8% screen-to-body ratio)","720 x 1600 pixels, 20:9 ratio (~262 ppi density)","Android 15, up to 4 major Android upgrades, One UI 7",Mediatek Dimensity 6300 (6 nm),Octa-core (2x2.4 GHz Cortex-A76 & 6x2.0 GHz Cortex-A55),Mali-G57 MC2,microSDXC (uses shared SIM slot),"64GB 4GB RAM, 128GB 4GB RAM, 128GB 6GB RAM",LED flash,1080p@30/60fps,"8 MP, f/2.0, (wide), 1/4.0"", 1.12µm",Yes,Yes,Yes,"Wi-Fi 802.11 a/b/g/n/ac, dual-band, Wi-Fi Direct","5.3, A2DP, LE","GPS, GLONASS, GALILEO, BDS",No,Unspecified,USB Type-C 2.0,"Fingerprint (side-mounted), accelerometer, gyro, proximity, compass",5000 mAh,25W wired,"Black, Gray, Light Green","SM-A066B, SM-A066B/DS"
Samsung Galaxy A16 5G,GSM / HSPA / LTE / 5G,GSM 850 / 900 / 1800 / 1900,HSDPA 850 / 900 / 1700(AWS) / 1900 / 2100,"1, 2, 3, 4, 5, 7, 8, 12, 17, 20, 28, 38, 40, 41, 66 - International","1, 3, 7, 8, 20, 28, 38, 40, 41, 77, 78 SA/NSA/Sub6 - International","HSPA, LTE, 5G","2024, October 07","Available. Released 2024, October 25",164.4 x 77.9 x 7.9 mm (6.47 x 3.07 x 0.31 in),200 g (7.05 oz),"Glass front, plastic back, plastic frame",Nano-SIMNano-SIM + eSIMNano-SIM + Nano-SIM,"Super AMOLED, 90Hz, 800 nits (HBM)","6.7 inches, 110.2 cm2 (~86.0% screen-to-body ratio)","1080 x 2340 pixels, 19.5:9 ratio (~385 ppi density)","Android 14, up to 6 major Android upgrades, One UI 6.1",Exynos 1330 (5 nm) or Mediatek Dimensity 6300 (6 nm),Octa-core (2x2.4 GHz Cortex-A78 & 6x2.0 GHz Cortex-A55) or Octa-core (2x2.4 GHz Cortex-A76 & 6x2.0 GHz Cortex-A55),Mali-G68 MP2 or Mali-G57 MC2,microSDXC (uses shared SIM slot),"128GB 4GB RAM, 128GB 6GB RAM, 128GB 8GB RAM, 256GB 8GB RAM","LED flash, panorama, HDR","1080p@30fps, gyro-EIS","13 MP, f/2.0, (wide), 1/3.1"", 1.12µm",1080p@30fps,Yes,No,"Wi-Fi 802.11 a/b/g/n/ac, dual-band, Wi-Fi Direct","5.3, A2DP, LE","GPS, GALILEO, GLONASS, BDS, QZSS",Yes (market/region dependent),No,USB Type-C 2.0,"Fingerprint (side-mounted), accelerometer, gyro, compass",5000 mAh,25W wired,"Blue Black, Light Gray, Gold, Light Green","SM-A166B, SM-A166B/DS, SM-A166P, SM-A166P/DS, SM-A166E, SM-A166E/DS"
Samsung Galaxy A16,GSM / HSPA / LTE,GSM 850 / 900 / 1800 / 1900,HSDPA 850 / 900 / 2100,"1, 3, 5, 7, 8, 20, 28, 38, 40, 41","1, 3, 5, 7, 8, 20, 28, 38, 40, 41, 66, 77, 78 SA/NSA/Sub6","HSPA, LTE","2024, October 15","Available. Released 2024, November 20",164.4 x 77.9 x 7.9 mm (6.47 x 3.07 x 0.31 in),200 g (7.05 oz),"Glass front, plastic back, plastic frame",Nano-SIMNano-SIM + Nano-SIM,"Super AMOLED, 90Hz","6.7 inches, 110.2 cm2 (~86.0% screen-to-body ratio)","1080 x 2340 pixels, 19.5:9 ratio (~385 ppi density)","Android 14, up to 6 major Android upgrades, One UI 7",Mediatek Helio G99 (6 nm),Octa-core (2x2.2 GHz Cortex-A76 & 6x2.0 GHz Cortex-A55),Mali-G57 MC2,microSDXC (uses shared SIM slot),"128GB 4GB RAM, 128GB 6GB RAM, 128GB 8GB RAM, 256GB 4GB RAM, 256GB 6GB RAM, 256GB 8GB RAM","LED flash, panorama, HDR",1080p@30fps,"13 MP, f/2.0, (wide), 1/3.1"", 1.12µm",1080p@30fps,Yes,No,"Wi-Fi 802.11 a/b/g/n/ac, dual-band, Wi-Fi Direct","5.3, A2DP, LE","GPS, GALILEO, GLONASS, BDS, QZSS",Yes (market/region dependent),FM radio (market/region dependent),USB Type-C 2.0,"Fingerprint (side-mounted), accelerometer, compass",5000 mAh,25W wired,"Gray, water green, midnight blue","SM-A165F, SM-A165F/DS, SM-A165M, SM-A165M/DS"
Samsung Galaxy A26,GSM / HSPA / LTE / 5G,GSM 850 / 900 / 1800 / 1900,HSDPA 850 / 900 / 1700(AWS) / 1900 / 2100,"1, 2, 3, 4, 5, 7, 8, 12, 17, 20, 26, 28, 32, 38, 40, 41, 66","1, 3, 5, 7, 8, 20, 28, 38, 40, 41, 66, 77, 78 SA/NSA/Sub6","HSPA, LTE, 5G","2025, March 02","Available. Released 2025, March 19",164 x 77.5 x 7.7 mm (6.46 x 3.05 x 0.30 in),200 g (7.05 oz),"Glass front (Gorilla Glass Victus+), plastic frame, glass back (Gorilla Glass Victus+)",Nano-SIM + Nano-SIM,"Super AMOLED, 120Hz","6.7 inches, 110.2 cm2 (~86.7% screen-to-body ratio)","1080 x 2340 pixels, 19.5:9 ratio (~385 ppi density)","Android 15, up to 6 major Android upgrades, One UI 7",Exynos 1380 (5 nm) - GlobalExynos 1280 (5 nm) - LATAM,Octa-core (4x2.4 GHz Cortex-A78 & 4x2.0 GHz Cortex-A55) - GlobalOcta-core (2x2.4 GHz Cortex-A78 & 6x2.0 GHz Cortex-A55) - LATAM,Mali-G68 MP5 - GlobalMali-G68 - LATAM,microSDXC (uses shared SIM slot),"128GB 4GB RAM, 128GB 6GB RAM, 128GB 8GB RAM, 256GB 6GB RAM, 256GB 8GB RAM","LED flash, panorama, HDR","4K@30fps, 1080p@30fps, 720p@480fps, gyro-EIS","13 MP, f/2.2, (wide), 1/3.06"", 1.12µm",1080p@30fps,Yes,No,"Wi-Fi 802.11 a/b/g/n/ac, dual-band, Wi-Fi Direct","5.3, A2DP, LE","GPS, GALILEO, GLONASS, BDS, QZSS",Yes (market/region dependent),Unspecified,"USB Type-C 2.0, OTG","Fingerprint (side-mounted), accelerometer, gyro, compass",5000 mAh,25W wired,"Black, White, Mint, Peach Pink","SM-A266E, SM-A266E/DS, SM-A266E/DSN, SM-A266B, SM-A266B/DS, SM-A266B/DSN, SM-A266U, SM-A266U1"
Samsung Galaxy A35,GSM / HSPA / LTE / 5G,GSM 850 / 900 / 1800 / 1900,HSDPA 850 / 900 / 1700(AWS) / 1900 / 2100,"1, 2, 3, 4, 5, 7, 8, 12, 13, 17, 20, 25, 26, 28, 32, 38, 40, 41, 66","1, 3, 5, 7, 8, 26, 28, 40, 41, 66, 77, 78 SA/NSA/Sub6","HSPA, LTE, 5G","2024, March 11","Available. Released 2024, March 15",161.7 x 78 x 8.2 mm (6.37 x 3.07 x 0.32 in),209 g (7.37 oz),"Glass front (Gorilla Glass Victus+), plastic frame, glass back",Nano-SIM + eSIMNano-SIM + Nano-SIM,"Super AMOLED, 120Hz, 1000 nits (HBM)","6.6 inches, 106.9 cm2 (~84.8% screen-to-body ratio)","1080 x 2340 pixels, 19.5:9 ratio (~390 ppi density)","Android 14, up to 4 major Android upgrades, One UI 7",Exynos 1380 (5 nm),Octa-core (4x2.4 GHz Cortex-A78 & 4x2.0 GHz Cortex-A55),Mali-G68 MP5,microSDXC (uses shared SIM slot),"128GB 6GB RAM, 128GB 8GB RAM, 256GB 6GB RAM, 256GB 8GB RAM, 256GB 12GB RAM","LED flash, panorama, HDR","4K@30fps, 1080p@30/60fps, gyro-EIS","13 MP, f/2.2, (wide), 1/3.06"", 1.12µm","4K@30fps, 1080p@30fps","Yes, with stereo speakers",No,"Wi-Fi 802.11 a/b/g/n/ac/6, dual-band, Wi-Fi Direct","5.3, A2DP, LE","GPS, GALILEO, GLONASS, BDS, QZSS",Yes (market/region dependent),No,"USB Type-C 2.0, OTG","Fingerprint (under display, optical), accelerometer, gyro, compass",Li-Ion 5000 mAh,25W wired,"Iceblue, Lilac, Navy, Lemon","SM-A356E, SM-A356E/DS, SM-A356B, SM-A356B/DS, SM-A356U, SM-A356U1"
Samsung Galaxy A36,GSM / HSPA / LTE / 5G,GSM 850 / 900 / 1800 / 1900,HSDPA 850 / 900 / 1700(AWS) / 1900 / 2100,"1, 2, 3, 4, 5, 7, 8, 12, 17, 20, 25, 26, 28, 32, 38, 40, 41, 66","1, 3, 5, 7, 8, 20, 28, 38, 40, 41, 66, 77, 78 SA/NSA/Sub6","HSPA, LTE, 5G","2025, March 02","Available. Released 2025, March 10",162.9 x 78.2 x 7.4 mm (6.41 x 3.08 x 0.29 in),195 g (6.88 oz),"Glass front (Gorilla Glass Victus+), plastic frame, glass back (Gorilla Glass Victus+)",Nano-SIM + Nano-SIM + eSIM + eSIM (max 2 at a time),"Super AMOLED, 120Hz, 1200 nits (HBM), 1900 nits (peak)","6.7 inches, 110.2 cm2 (~86.5% screen-to-body ratio)","1080 x 2340 pixels, 19.5:9 ratio (~385 ppi density)","Android 15, up to 6 major Android upgrades, One UI 7",Qualcomm SM6475-AB Snapdragon 6 Gen 3 (4 nm),Octa-core (4x2.4 GHz Cortex-A78 & 4x1.8 GHz Cortex-A55),Adreno 710,No,"128GB 6GB RAM, 128GB 8GB RAM, 256GB 6GB RAM, 256GB 8GB RAM, 256GB 12GB RAM","LED flash, panorama, HDR","4K@30fps, 1080p@30/60fps, gyro-EIS","12 MP, f/2.2, (wide)","4K@30fps, 1080p@30fps, 10-bit HDR","Yes, with stereo speakers",No,"Wi-Fi 802.11 a/b/g/n/ac/6, dual-band, Wi-Fi Direct","5.4, A2DP, LE","GPS, GALILEO, GLONASS, BDS, QZSS",Yes (market/region dependent),No,"USB Type-C 2.0, OTG","Fingerprint (under display, optical), accelerometer, gyro, compass",5000 mAh,"45W wired, 66% in 30 min, 100% in 68 min","Lavender, Black, White, Lime","SM-A366E, SM-A366E/DS, SM-A366B, SM-A366B/DS, SM-A366U, SM-A366U1"
Samsung Galaxy A55,GSM / HSPA / LTE / 5G,GSM 850 / 900 / 1800 / 1900,HSDPA 850 / 900 / 1700(AWS) / 1900 / 2100,"1, 2, 3, 4, 5, 7, 8, 12, 17, 20, 25, 26, 28, 32, 38, 40, 41, 66","1, 3, 5, 7, 8, 20, 28, 38, 40, 41, 66, 77, 78 SA/NSA/Sub6","HSPA, LTE, 5G","2024, March 11","Available. Released 2024, March 15",161.1 x 77.4 x 8.2 mm (6.34 x 3.05 x 0.32 in),213 g (7.51 oz),"Glass front (Gorilla Glass Victus+), glass back (Gorilla Glass), aluminum frame",Nano-SIMNano-SIM + eSIMNano-SIM + Nano-SIMNano-SIM + Nano-SIM + eSIM (max 2 at a time),"Super AMOLED, 120Hz, HDR10+, 1000 nits (HBM)","6.6 inches, 106.9 cm2 (~85.8% screen-to-body ratio)","1080 x 2340 pixels, 19.5:9 ratio (~390 ppi density)","Android 14, up to 4 major Android upgrades, One UI 6.1",Exynos 1480 (4 nm),Octa-core (4x2.75 GHz Cortex-A78 & 4x2.0 GHz Cortex-A55),Xclipse 530,microSDXC (uses shared SIM slot),"128GB 6GB RAM, 128GB 8GB RAM, 256GB 6GB RAM, 256GB 8GB RAM, 256GB 12GB RAM","LED flash, panorama, HDR","4K@30fps, 1080p@30/60fps, gyro-EIS","32 MP, f/2.2, 26mm (wide), 1/2.74"", 0.8µm","4K@30fps, 1080p@30/60fps","Yes, with stereo speakers",No,"Wi-Fi 802.11 a/b/g/n/ac/6, dual-band, Wi-Fi Direct","5.3, A2DP, LE","GPS, GALILEO, GLONASS, BDS, QZSS",Yes (market/region dependent),No,"USB Type-C 2.0, OTG","Fingerprint (under display, optical), accelerometer, gyro, compass",Li-Ion 5000 mAh,25W wired,"Iceblue, Lilac, Navy, Lemon","SM-A556V, SM-A556B, SM-A556B/DS, SM-A556E, SM-A556E/DS, SM-A5560"
Samsung Galaxy A56,GSM / HSPA / LTE / 5G,GSM 850 / 900 / 1800 / 1900,HSDPA 850 / 900 / 1700(AWS) / 1900 / 2100,"1, 2, 3, 4, 5, 7, 8, 12, 17, 20, 25, 26, 28, 32, 38, 40, 41, 66","1, 3, 5, 7, 8, 20, 28, 38, 40, 41, 66, 77, 78 SA/NSA/Sub6","HSPA, LTE, 5G","2025, March 02","Available. Released 2025, March 10",162.2 x 77.5 x 7.4 mm (6.39 x 3.05 x 0.29 in),198 g (6.98 oz),"Glass front (Gorilla Glass Victus+), glass back (Gorilla Glass Victus+), aluminum frame",Nano-SIM + Nano-SIM + eSIM + eSIM (max 2 at a time),"Super AMOLED, 120Hz, HDR10+, 1200 nits (HBM), 1900 nits (peak)","6.7 inches, 110.2 cm2 (~87.7% screen-to-body ratio)","1080 x 2340 pixels, 19.5:9 ratio (~385 ppi density)","Android 15, up to 6 major Android upgrades, One UI 7",Exynos 1580 (4 nm),Octa-core (1x2.9 GHz Cortex-A720 & 3x2.6 GHz Cortex-A720 & 4x1.9 GHz Cortex-A520),Xclipse 540,No,"128GB 6GB RAM, 128GB 8GB RAM, 256GB 6GB RAM, 256GB 8GB RAM, 256GB 12GB RAM","Best Face, LED flash, panorama, HDR","4K@30fps, 1080p@30/60fps, gyro-EIS","12 MP, f/2.2, (wide)","4K@30fps, 1080p@30/60fps, 10-bit HDR","Yes, with stereo speakers",No,"Wi-Fi 802.11 a/b/g/n/ac/6, dual-band, Wi-Fi Direct","5.3, A2DP, LE","GPS, GALILEO, GLONASS, BDS, QZSS",Yes (market/region dependent),No,"USB Type-C 2.0, OTG","Fingerprint (under display, optical), accelerometer, gyro, compass",5000 mAh,"45W wired, 65% in 30 min, 100% in 68 min","Pink, Olive, Graphite, Lightgray","SM-A566V, SM-A566B, SM-A566B/DS, SM-A566E, SM-A566E/DS, SM-A5660"
Samsung Galaxy C55,GSM / HSPA / LTE / 5G,GSM 850 / 900 / 1800 / 1900,HSDPA 850 / 900 / 1900 / 2100,"1, 2, 3, 4, 5, 7, 8, 12, 17, 20, 25, 28, 34, 38, 39, 40, 41, 66","1, 3, 5, 8, 20, 28, 41, 66, 77, 78, 79 SA/NSA/Sub6","HSPA, LTE, 5G","2024, April 22","Available. Released 2024, April 22",163.9 x 76.5 x 7.8 mm (6.45 x 3.01 x 0.31 in),180 g (6.35 oz),"Glass front, silicone polymer (eco leather) back, plastic frame",Nano-SIM + Nano-SIM,"Super AMOLED+, 120Hz, 1000 nits (HBM)","6.7 inches, 108.4 cm2 (~86.4% screen-to-body ratio)","1080 x 2400 pixels, 20:9 ratio (~393 ppi density)","Android 14, One UI 6.1",Qualcomm SM7450-AB Snapdragon 7 Gen 1 (4 nm),Octa-core (1x2.4 GHz Cortex-A710 & 3x2.36 GHz Cortex-A710 & 4x1.8 GHz Cortex-A510),Adreno 644,microSDXC (uses shared SIM slot),"256GB 8GB RAM, 256GB 12GB RAM","LED flash, panorama, HDR","4K@30fps, 1080p@30/60fps, gyro-EIS, OIS","50 MP, f/2.4, (wide)","4K@30fps, 1080p@30/60fps","Yes, with stereo speakers",No,"Wi-Fi 802.11 a/b/g/n/ac/6, dual-band, Wi-Fi Direct","5.2, A2DP, LE","GPS, GALILEO, GLONASS, BDS, QZSS",Yes,No,"USB Type-C 2.0, OTG","Fingerprint (under display, optical), accelerometer, gyro, proximity, compass",5000 mAh,45W wired,"Black, Orange",SM-C5560
Samsung Galaxy F06 5G,GSM / HSPA / LTE / 5G,GSM 850 / 900 / 1800 / 1900,HSDPA 850 / 900 / 2100,LTE,SA/NSA,"HSPA, LTE, 5G","2025, February 12",Available. Released February 20,167.4 x 77.4 x 8 mm (6.59 x 3.05 x 0.31 in),191 g (6.74 oz),"Glass front, plastic back, plastic frame",Nano-SIM + Nano-SIM,"PLS LCD, 800 nits (HBM)","6.7 inches, 108.4 cm2 (~83.6% screen-to-body ratio)","720 x 1600 pixels, 20:9 ratio (~262 ppi density)","Android 15, up to 4 major Android upgrades, One UI Core 7.0",Mediatek Dimensity 6300 (6 nm),Octa-core (2x2.4 GHz Cortex-A76 & 6x2.0 GHz Cortex-A55),Mali-G57 MC2,microSDXC (uses shared SIM slot),"64GB 4GB RAM, 128GB 4GB RAM, 128GB 6GB RAM",LED flash,1080p@30/60fps,"8 MP, f/2.0, (wide), 1/4.0"", 1.12µm",Yes,Yes,Yes,"Wi-Fi 802.11 a/b/g/n/ac, dual-band, Wi-Fi Direct","5.3, A2DP, LE","GPS, GLONASS, GALILEO, BDS",No,Unspecified,"USB Type-C 2.0, OTG","Fingerprint (side-mounted), accelerometer, proximity, compass",Li-Ion 5000 mAh,25W wired,"Bahama Blue, Lit Violet","SM-E066B, SM-E066B/DS"
Samsung Galaxy F15,GSM / HSPA / LTE / 5G,GSM 850 / 900 / 1800 / 1900,HSDPA 850 / 900 / 1700(AWS) / 1900 / 2100,"1, 2, 3, 4, 5, 7, 8, 12, 17, 20, 26, 28, 38, 40, 41, 66","1, 3, 5, 7, 8, 20, 28, 38, 40, 41, 66, 77, 78 SA/NSA/Sub6","HSPA, LTE, 5G","2024, March 04","Available. Released 2024, March 11",160.1 x 76.8 x 9.3 mm (6.30 x 3.02 x 0.37 in),217 g (7.65 oz),"Glass front, plastic back, plastic frame",Nano-SIM + Nano-SIM,"Super AMOLED, 90Hz","6.6 inches, 106.9 cm2 (~87.0% screen-to-body ratio)","1080 x 2340 pixels, 19.5:9 ratio (~390 ppi density)","Android 14, One UI 6",Mediatek Dimensity 6100+ (6 nm),Octa-core (2x2.2 GHz Cortex-A76 & 6x2.0 GHz Cortex-A55),Mali-G57 MC2,microSDXC (uses shared SIM slot),"128GB 4GB RAM, 128GB 6GB RAM, 128GB 8GB RAM","LED flash, panorama, HDR","1080p@30fps, gyro-EIS","13 MP, f/2.0, (wide)",1080p@30fps,Yes,Yes,"Wi-Fi 802.11 a/b/g/n/ac, dual-band, Wi-Fi Direct","5.3, A2DP, LE","GPS, GALILEO, GLONASS, BDS, QZSS",No,No,USB Type-C 2.0,"Fingerprint (side-mounted), accelerometer, gyro, compass",6000 mAh,25W wired,"Ash Black, Groovy Violet, Jazzy Green","SM-E156B, SM-E156B/DS"
Samsung Galaxy F16,GSM / HSPA / LTE / 5G,GSM 850 / 900 / 1800 / 1900,HSDPA 850 / 900 / 1700(AWS) / 1900 / 2100,"1, 2, 3, 4, 5, 7, 8, 12, 17, 20, 26, 28, 38, 40, 41, 66","1, 3, 5, 7, 8, 28, 40, 41, 66, 77, 78 SA/NSA/Sub6","HSPA, LTE, 5G","2025, March 11","Available. Released 2025, March 13",164.4 x 77.9 x 7.9 mm (6.47 x 3.07 x 0.31 in),191 g (6.74 oz),"Glass front, plastic back, plastic frame",Nano-SIM + Nano-SIM,"Super AMOLED, 90Hz, 800 nits (HBM)","6.7 inches, 110.2 cm2 (~86.0% screen-to-body ratio)","1080 x 2340 pixels, 19.5:9 ratio (~385 ppi density)","Android 15, up to 6 major Android upgrades, One UI 7",Mediatek Dimensity 6300 (6 nm),Octa-core (2x2.4 GHz Cortex-A76 & 6x2.0 GHz Cortex-A55),Mali-G57 MC2,microSDXC (uses shared SIM slot),"128GB 4GB RAM, 128GB 6GB RAM, 128GB 8GB RAM","LED flash, panorama, HDR","1080p@30fps, gyro-EIS","13 MP, f/2.0, (wide), 1/3.1"", 1.12µm",1080p@30fps,Yes,No,"Wi-Fi 802.11 a/b/g/n/ac, dual-band, Wi-Fi Direct","5.3, A2DP, LE","GPS, GALILEO, GLONASS, BDS, QZSS",Yes,No,USB Type-C 2.0,"Fingerprint (side-mounted), accelerometer, gyro, proximity, compass",5000 mAh,25W wired,"Bling Black, Vibing Blue, Glam Green","SM-E166P, SM-E166P/DS"
Samsung Galaxy M06,GSM / HSPA / LTE / 5G,GSM 850 / 900 / 1800 / 1900,HSDPA 850 / 900 / 1700(AWS) / 1900 / 2100,"1, 2, 3, 4, 5, 7, 8, 12, 17, 20, 26, 28, 38, 40, 41, 66","1, 3, 5, 7, 8, 26, 28, 40, 41, 66, 77, 78 SA/NSA/Sub6","HSPA, LTE, 5G","2025, February 27","Available. Released 2025, March 07",167.4 x 77.4 x 8 mm (6.59 x 3.05 x 0.31 in),191 g (6.74 oz),"Glass front, plastic back, plastic frame",Nano-SIM + Nano-SIM,"PLS LCD, 90Hz, 800 nits (HBM)","6.74 inches, 109.7 cm2 (~84.6% screen-to-body ratio)","720 x 1600 pixels, 20:9 ratio (~260 ppi density)","Android 15, up to 4 major Android upgrades, One UI Core 7.0",Mediatek Dimensity 6300 (6 nm),Octa-core (2x2.4 GHz Cortex-A76 & 6x2.0 GHz Cortex-A55),Mali-G57 MC2,microSDXC (uses shared SIM slot),"64GB 4GB RAM, 128GB 4GB RAM, 128GB 6GB RAM",LED flash,1080p@30fps,"8 MP, f/2.0, (wide), 1/4.0"", 1.12µm",Yes,Yes,Yes,"Wi-Fi 802.11 a/b/g/n/ac, dual-band, Wi-Fi Direct","5.3, A2DP, LE","GPS, GALILEO, GLONASS, BDS, QZSS",No,Unspecified,"USB Type-C 2.0, OTG","Fingerprint (side-mounted), accelerometer, gyro, proximity, compass",Li-Ion 5000 mAh,25W wired,"Blazing Black, Sage Green","SM-M066B, SM-M066B/DS"
Samsung Galaxy M15,GSM / HSPA / LTE / 5G,GSM 850 / 900 / 1800 / 1900,HSDPA 850 / 900 / 1700(AWS) / 1900 / 2100,"1, 2, 3, 4, 5, 7, 8, 12, 17, 20, 26, 28, 38, 40, 41, 66","1, 3, 5, 7, 8, 20, 28, 38, 40, 41, 66, 77, 78 SA/NSA/Sub6","HSPA, LTE, 5G","2024, March 09","Available. Released 2024, April 05",160.1 x 76.8 x 9.3 mm (6.30 x 3.02 x 0.37 in),217 g (7.65 oz),"Glass front, plastic back, plastic frame",Nano-SIM + Nano-SIM,"Super AMOLED, 90Hz, 800 nits (HBM)","6.5 inches, 103.7 cm2 (~84.3% screen-to-body ratio)","1080 x 2340 pixels, 19.5:9 ratio (~396 ppi density)","Android 14, up to 4 major Android upgrades, One UI 6",Mediatek Dimensity 6100+ (6 nm),Octa-core (2x2.2 GHz Cortex-A76 & 6x2.0 GHz Cortex-A55),Mali-G57 MC2,microSDXC (uses shared SIM slot),"128GB 4GB RAM, 128GB 6GB RAM, 128GB 8GB RAM, 256GB 8GB RAM","LED flash, panorama, HDR","1080p@30fps, gyro-EIS","13 MP, f/2.0, (wide)",1080p@30fps,Yes,Yes,"Wi-Fi 802.11 a/b/g/n/ac, dual-band, Wi-Fi Direct","5.3, A2DP, LE","GPS, GALILEO, GLONASS, BDS, QZSS",Yes (market/region dependent),No,USB Type-C 2.0,"Fingerprint (side-mounted), accelerometer, gyro, compass",6000 mAh,25W wired,"Light Blue, Dark Blue, Gray","SM-M156B, SM-M156B/DS, SM-M156B/DSN"
Samsung Galaxy M16,GSM / HSPA / LTE / 5G,GSM 850 / 900 / 1800 / 1900,HSDPA 850 / 900 / 1700(AWS) / 1900 / 2100,"1, 2, 3, 4, 5, 7, 8, 12, 17, 20, 26, 28, 38, 40, 41, 66","1, 3, 5, 7, 8, 28, 40, 41, 66, 77, 78 SA/NSA/Sub6","HSPA, LTE, 5G","2025, February 27","Available. Released 2025, March 05",164.4 x 77.9 x 7.9 mm (6.47 x 3.07 x 0.31 in),191 g (6.74 oz),"Glass front, plastic back, plastic frame",Nano-SIM + Nano-SIM,"Super AMOLED, 90Hz, 800 nits (HBM)","6.7 inches, 110.2 cm2 (~86.0% screen-to-body ratio)","1080 x 2340 pixels, 19.5:9 ratio (~385 ppi density)","Android 15, up to 6 major Android upgrades, One UI 7",Mediatek Dimensity 6300 (6 nm),Octa-core (2x2.4 GHz Cortex-A76 & 6x2.0 GHz Cortex-A55),Mali-G57 MC2,microSDXC (uses shared SIM slot),"128GB 4GB RAM, 128GB 6GB RAM, 128GB 8GB RAM, 256GB 8GB RAM","LED flash, panorama, HDR","1080p@30fps, gyro-EIS","13 MP, f/2.0, (wide), 1/3.1"", 1.12µm",1080p@30fps,Yes,No,"Wi-Fi 802.11 a/b/g/n/ac, dual-band, Wi-Fi Direct","5.3, A2DP, LE","GPS, GALILEO, GLONASS, BDS, QZSS",Yes,No,USB Type-C 2.0,"Fingerprint (side-mounted), accelerometer, gyro, proximity, compass",5000 mAh,25W wired,"Thunder Black, MInt Green, Blush Pink","SM-M166P, SM-M166P/DS"
Samsung Galaxy M55,GSM / HSPA / LTE / 5G,GSM 850 / 900 / 1800 / 1900,HSDPA 850 / 900 / 1700(AWS) / 1900 / 2100,"1, 2, 3, 4, 5, 7, 8, 12, 17, 20, 25, 26, 28, 38, 40, 41, 66","1, 3, 5, 7, 8, 20, 28, 38, 40, 41, 66, 77, 78 SA/NSA/Sub6","HSPA, LTE, 5G","2024, March 28","Available. Released 2024, March 28",163.9 x 76.5 x 7.8 mm (6.45 x 3.01 x 0.31 in),180 g (6.35 oz),"Glass front, plastic back, plastic frame",Nano-SIM + Nano-SIM,"Super AMOLED+, 120Hz, 1000 nits (HBM)","6.7 inches, 108.4 cm2 (~86.4% screen-to-body ratio)","1080 x 2400 pixels, 20:9 ratio (~393 ppi density)","Android 14, One UI 6.1",Qualcomm SM7450-AB Snapdragon 7 Gen 1 (4 nm),Octa-core (1x2.4 GHz Cortex-A710 & 3x2.36 GHz Cortex-A710 & 4x1.8 GHz Cortex-A510),Adreno 644,microSDXC (uses shared SIM slot),"128GB 8GB RAM, 256GB 8GB RAM, 256GB 12GB RAM","LED flash, panorama, HDR","4K@30fps, 1080p@30/60fps, gyro-EIS, OIS","50 MP, f/2.4, (wide)","4K@30fps, 1080p@30/60fps","Yes, with stereo speakers",No,"Wi-Fi 802.11 a/b/g/n/ac/6, dual-band, Wi-Fi Direct","5.2, A2DP, LE","GPS, GALILEO, GLONASS, BDS, QZSS",Yes (market/region dependent),No,"USB Type-C 2.0, OTG","Fingerprint (under display, optical), accelerometer, gyro, proximity, compass",5000 mAh,45W wired,"Dark Blue, Light Green","SM-M556B, SM-M556B/DS"
Samsung Galaxy S23 Ultra,GSM / CDMA / HSPA / EVDO / LTE / 5G,GSM 850 / 900 / 1800 / 1900,HSDPA 850 / 900 / 1700(AWS) / 1900 / 2100,"1, 2, 3, 4, 5, 7, 8, 12, 13, 17, 18, 19, 20, 25, 26, 28, 32, 38, 39, 40, 41, 66 - International","1, 2, 3, 5, 7, 8, 12, 20, 25, 28, 38, 40, 41, 66, 75, 77, 78 SA/NSA/Sub6 - International","HSPA, LTE (up to 7CA), 5G","2023, February 01","Available. Released 2023, February 17",163.4 x 78.1 x 8.9 mm (6.43 x 3.07 x 0.35 in),234 g (8.25 oz),"Glass front (Gorilla Glass Victus 2), glass back (Gorilla Glass Victus 2), aluminum frame",Nano-SIM + eSIMNano-SIM + Nano-SIM + eSIM (max 2 at a time),"Dynamic AMOLED 2X, 120Hz, HDR10+, 1200 nits (HBM), 1750 nits (peak)","6.8 inches, 114.7 cm2 (~89.9% screen-to-body ratio)","1440 x 3088 pixels, 19.3:9 ratio (~500 ppi density)","Android 13, up to 4 major Android upgrades, One UI 6.1.1",Qualcomm SM8550-AC Snapdragon 8 Gen 2 (4 nm),Octa-core (1x3.36 GHz Cortex-X3 & 2x2.8 GHz Cortex-A715 & 2x2.8 GHz Cortex-A710 & 3x2.0 GHz Cortex-A510),Adreno 740,No,"256GB 8GB RAM, 256GB 12GB RAM, 512GB 12GB RAM, 1TB 12GB RAM","Laser AF, LED flash, auto-HDR, panorama","8K@24/30fps, 4K@30/60fps, 1080p@30/60/120/240fps, HDR10+, stereo sound rec., gyro-EIS","12 MP, f/2.2, 26mm (wide), 1/3.2"", 1.12µm, dual pixel PDAF","4K@30/60fps, 1080p@30fps","Yes, with stereo speakers",No,"Wi-Fi 802.11 a/b/g/n/ac/6e, tri-band, Wi-Fi Direct","5.3, A2DP, LE","GPS, GALILEO, GLONASS, BDS, QZSS",Yes,No,"USB Type-C 3.2, OTG","Fingerprint (under display, ultrasonic), accelerometer, gyro, proximity, compass, barometer",Li-Ion 5000 mAh,"45W wired, PD3.0, 65% in 30 min
15W wireless (Qi)
4.5W reverse wireless","Phantom Black, Green, Cream, Lavender, Graphite, Sky Blue, Lime, Red, BMW M Edition","SM-S918B, SM-S918B/DS, SM-S918U, SM-S918U1, SM-S918W, SM-S918N, SM-S9180, SM-S918E, SM-S918E/DS"
Samsung Galaxy S23,GSM / CDMA / HSPA / EVDO / LTE / 5G,GSM 850 / 900 / 1800 / 1900,HSDPA 850 / 900 / 1700(AWS) / 1900 / 2100,"1, 2, 3, 4, 5, 7, 8, 12, 13, 17, 18, 19, 20, 25, 26, 28, 32, 38, 39, 40, 41, 66 - International","1, 2, 3, 5, 7, 8, 12, 20, 25, 28, 38, 40, 41, 66, 75, 77, 78 SA/NSA/Sub6 - International","HSPA, LTE (up to 7CA), 5G","2023, February 01","Available. Released 2023, February 17",146.3 x 70.9 x 7.6 mm (5.76 x 2.79 x 0.30 in),168 g (5.93 oz),"Glass front (Gorilla Glass Victus 2), glass back (Gorilla Glass Victus 2), aluminum frame",Nano-SIM + eSIMNano-SIM + Nano-SIM + eSIM (max 2 at a time),"Dynamic AMOLED 2X, 120Hz, HDR10+, 1200 nits (HBM), 1750 nits (peak)","6.1 inches, 90.1 cm2 (~86.8% screen-to-body ratio)","1080 x 2340 pixels, 19.5:9 ratio (~425 ppi density)","Android 13, up to 4 major Android upgrades, One UI 6.1.1",Qualcomm SM8550-AC Snapdragon 8 Gen 2 (4 nm),Octa-core (1x3.36 GHz Cortex-X3 & 2x2.8 GHz Cortex-A715 & 2x2.8 GHz Cortex-A710 & 3x2.0 GHz Cortex-A510),Adreno 740,No,"128GB 8GB RAM, 256GB 8GB RAM, 512GB 8GB RAM","LED flash, auto-HDR, panorama","8K@24/30fps, 4K@30/60fps, 1080p@30/60/120/240fps, HDR10+, stereo sound rec., gyro-EIS","12 MP, f/2.2, 26mm (wide), 1/3.2"", 1.12µm, dual pixel PDAF","4K@30/60fps, 1080p@30fps","Yes, with stereo speakers",No,"Wi-Fi 802.11 a/b/g/n/ac/6e, tri-band, Wi-Fi Direct","5.3, A2DP, LE","GPS, GLONASS, BDS, GALILEO",Yes,No,"USB Type-C 3.2, OTG","Fingerprint (under display, ultrasonic), accelerometer, gyro, proximity, compass, barometer",Li-Ion 3900 mAh,"25W wired, PD3.0, 50% in 30 min
15W wireless (Qi)
4.5W reverse wireless","Phantom Black, Cream, Green, Lavender, Graphite, Lime","SM-S911B, SM-S911B/DS, SM-S911U, SM-S911U1, SM-S911W, SM-S911N, SM-S9110, SM-S911E, SM-S911E/DS"
Samsung Galaxy S24,GSM / CDMA / HSPA / EVDO / LTE / 5G,GSM 850 / 900 / 1800 / 1900,HSDPA 850 / 900 / 1700(AWS) / 1900 / 2100,"1, 2, 3, 4, 5, 7, 8, 12, 13, 17, 18, 19, 20, 25, 26, 28, 32, 38, 39, 40, 41, 66 - International","1, 2, 3, 5, 7, 8, 12, 20, 25, 26, 28, 38, 40, 41, 66, 75, 77, 78 SA/NSA/Sub6 - International","HSPA, LTE (up to 7CA), 5G","2024, January 17","Available. Released 2024, January 24",147 x 70.6 x 7.6 mm (5.79 x 2.78 x 0.30 in),167 g or 168 g (5.89 oz),"Glass front (Gorilla Glass Victus 2), glass back (Gorilla Glass Victus 2), aluminum frame",Nano-SIM + Nano-SIM + eSIM + eSIM (max 2 at a time) - INT Nano-SIM + eSIM + eSIM (max 2 at a time) - USA Nano-SIM + Nano-SIM - CN,"Dynamic LTPO AMOLED 2X, 120Hz, 480Hz PWM, HDR10+, 2600 nits (peak)","6.2 inches, 94.4 cm2 (~90.9% screen-to-body ratio)","1080 x 2340 pixels, 19.5:9 ratio (~416 ppi density)","Android 14, up to 7 major Android upgrades, One UI 6.1.1",Qualcomm SM8650-AC Snapdragon 8 Gen 3 (4 nm) - USA/Canada/ChinaExynos 2400 (4 nm) - International,8-core (1x3.39GHz Cortex-X4 & 3x3.1GHz Cortex-A720 & 2x2.9GHz Cortex-A720 & 2x2.2GHz Cortex-A520)10-core (1x3.2GHz Cortex-X4 & 2x2.9GHz Cortex-A720 & 3x2.6GHz Cortex-A720 & 4x1.95GHz Cortex-A520),Adreno 750 (1 GHz) - USA/Canada/ChinaXclipse 940 - International,No,"128GB 8GB RAM, 256GB 8GB RAM, 256GB 12GB RAM, 512GB 8GB RAM","LED flash, auto-HDR, panorama","8K@24/30fps, 4K@30/60fps, 1080p@30/60/120/240fps, HDR10+, stereo sound rec., gyro-EIS","12 MP, f/2.2, 26mm (wide), 1/3.2"", 1.12µm, dual pixel PDAF","4K@30/60fps, 1080p@30fps","Yes, with stereo speakers",No,"Wi-Fi 802.11 a/b/g/n/ac/6e, tri-band, Wi-Fi Direct","5.3, A2DP, LE","GPS, GLONASS, BDS, GALILEO, QZSS",Yes,No,"USB Type-C 3.2, DisplayPort 1.2, OTG","Fingerprint (under display, ultrasonic), accelerometer, gyro, proximity, compass, barometer",Li-Ion 4000 mAh,"25W wired, PD3.0, 50% in 30 min
15W wireless (Qi)
4.5W reverse wireless","Onyx Black, Marble Grey, Cobalt Violet, Amber Yellow, Jade Green, Sandstone Orange, Sapphire Blue","SM-S921B, SM-S921B/DS, SM-S921U, SM-S921U1, SM-S921W, SM-S921N, SM-S9210, SM-S921E, SM-S921E/DS"
Samsung Galaxy S25,GSM / CDMA / HSPA / EVDO / LTE / 5G,GSM 850 / 900 / 1800 / 1900,HSDPA 850 / 900 / 1700(AWS) / 1900 / 2100,"1, 2, 3, 4, 5, 7, 8, 12, 13, 17, 18, 19, 20, 25, 26, 28, 32, 38, 39, 40, 41, 66 - International","1, 2, 3, 5, 7, 8, 12, 20, 25, 26, 28, 38, 40, 41, 66, 75, 77, 78 SA/NSA/Sub6 - International","HSPA, LTE (up to 7CA), 5G","2025, January 22","Available. Released 2025, February 03",146.9 x 70.5 x 7.2 mm (5.78 x 2.78 x 0.28 in),162 g (5.71 oz),"Glass front (Gorilla Glass Victus 2), glass back (Gorilla Glass Victus 2), aluminum frame",Nano-SIM + Nano-SIM + eSIM + eSIM (max 2 at a time) - INT Nano-SIM + eSIM + eSIM (max 2 at a time) - USA Nano-SIM + Nano-SIM - CN,"Dynamic LTPO AMOLED 2X, 120Hz, 480Hz PWM, HDR10+, 2600 nits (peak)","6.2 inches, 94.4 cm2 (~91.1% screen-to-body ratio)","1080 x 2340 pixels, 19.5:9 ratio (~416 ppi density)","Android 15, up to 7 major Android upgrades, One UI 7",Qualcomm SM8750-AB Snapdragon 8 Elite (3 nm),Octa-core (2x4.47 GHz Oryon V2 Phoenix L + 6x3.53 GHz Oryon V2 Phoenix M),Adreno 830,No,"128GB 12GB RAM, 256GB 12GB RAM, 512GB 12GB RAM","Best Face, LED flash, auto-HDR, panorama","8K@24/30fps, 4K@30/60fps, 1080p@30/60/120/240fps, 10-bit HDR, HDR10+, stereo sound rec., gyro-EIS","12 MP, f/2.2, 26mm (wide), 1/3.2"", 1.12µm, dual pixel PDAF","4K@30/60fps, 1080p@30fps","Yes, with stereo speakers",No,"Wi-Fi 802.11 a/b/g/n/ac/6e/7, tri-band, Wi-Fi Direct","5.4, A2DP, LE","GPS, GLONASS, BDS, GALILEO, QZSS",Yes,No,"USB Type-C 3.2, DisplayPort 1.2, OTG","Fingerprint (under display, ultrasonic), accelerometer, gyro, proximity, compass, barometer",Li-Ion 4000 mAh,"25W wired, PD3.0, 50% in 30 min
15W wireless (Qi2 Ready)
4.5W reverse wireless","Icy Blue, Mint, Navy, Silver Shadow, Pink Gold, Coral Red, Blue Black","SM-S931B, SM-S931B/DS, SM-S931U, SM-S931U1, SM-S931W, SM-S931N, SM-S9310, SM-S931E, SM-S931E/DS"
Samsung Galaxy S25 Ultra,GSM / CDMA / HSPA / EVDO / LTE / 5G,GSM 850 / 900 / 1800 / 1900,HSDPA 850 / 900 / 1700(AWS) / 1900 / 2100,"1, 2, 3, 4, 5, 7, 8, 12, 13, 17, 18, 19, 20, 25, 26, 28, 32, 38, 39, 40, 41, 66 - International","1, 2, 3, 5, 7, 8, 12, 20, 25, 26, 28, 38, 40, 41, 66, 75, 77, 78 SA/NSA/Sub6 - International","HSPA, LTE (up to 7CA), 5G","2025, January 22","Available. Released 2025, February 03",162.8 x 77.6 x 8.2 mm (6.41 x 3.06 x 0.32 in),218 g (7.69 oz),"Glass front (Corning Gorilla Armor 2), glass back (Gorilla Glass Victus 2), titanium frame (grade 5)",Nano-SIM + Nano-SIM + eSIM + eSIM (max 2 at a time) - INT Nano-SIM + eSIM + eSIM (max 2 at a time) - USA Nano-SIM + Nano-SIM - CN,"Dynamic LTPO AMOLED 2X, 120Hz, 480Hz PWM, HDR10+, 2600 nits (peak)","6.9 inches, 116.9 cm2 (~92.5% screen-to-body ratio)","1440 x 3120 pixels, 19.5:9 ratio (~498 ppi density)","Android 15, up to 7 major Android upgrades, One UI 7",Qualcomm SM8750-AB Snapdragon 8 Elite (3 nm),Octa-core (2x4.47 GHz Oryon V2 Phoenix L + 6x3.53 GHz Oryon V2 Phoenix M),Adreno 830,No,"256GB 12GB RAM, 512GB 12GB RAM, 1TB 12GB RAM, 1TB 16GB RAM","Laser AF, Best Face, LED flash, auto-HDR, panorama","8K@24/30fps, 4K@30/60/120fps, 1080p@30/60/120/240fps, 10-bit HDR, HDR10+, stereo sound rec., gyro-EIS","12 MP, f/2.2, 26mm (wide), 1/3.2"", 1.12µm, dual pixel PDAF","4K@30/60fps, 1080p@30fps","Yes, with stereo speakers",No,"Wi-Fi 802.11 a/b/g/n/ac/6e/7, tri-band, Wi-Fi Direct","5.4, A2DP, LE","GPS, GLONASS, BDS, GALILEO, QZSS",Yes,No,"USB Type-C 3.2, DisplayPort 1.2, OTG","Fingerprint (under display, ultrasonic), accelerometer, gyro, proximity, compass, barometer",Li-Ion 5000 mAh,"45W wired, PD3.0, 65% in 30 min
15W wireless (Qi2 Ready)
4.5W reverse wireless","Titanium Silver Blue, Titanium Black, Titanium White Silver, Titanium Gray, Titanium Jade Green, Titanium Jet Black, Titanium Pink Gold","SM-S938B, SM-S938B/DS, SM-S938U, SM-S938U1, SM-S938W, SM-S938N, SM-S9380, SM-S938E, SM-S938E/DS"
